{
  "urls": [
    "../../public/sounds/sprite_pack4.mp3"
  ],
  "sprite": {
    "aankh_udd": [
      0,
      882.358276643991
    ],
    "agarbatti_udd": [
      2000,
      1300.3174603174602
    ],
    "anar_udd": [
      5000,
      1021.678004535147
    ],
    "armadillo_udd": [
      8000,
      1207.437641723356
    ],
    "badal_udd": [
      11000,
      882.3582766439913
    ],
    "bali_udd": [
      13000,
      1021.678004535147
    ],
    "barfi_udd": [
      16000,
      1114.5578231292532
    ],
    "basketball_udd": [
      19000,
      1207.437641723356
    ],
    "beaver_udd": [
      22000,
      1021.678004535147
    ],
    "belt_udd": [
      25000,
      928.7981859410444
    ],
    "bhala_udd": [
      27000,
      1114.5578231292532
    ],
    "bhed_udd": [
      30000,
      975.2380952380939
    ],
    "bijli_udd": [
      32000,
      1114.5578231292532
    ],
    "blazer_udd": [
      35000,
      1068.1179138321966
    ],
    "bread_udd": [
      38000,
      1021.678004535147
    ],
    "briefcase_udd": [
      41000,
      1253.877551020409
    ],
    "calculator_udd": [
      44000,
      1253.877551020409
    ],
    "chaand_udd": [
      47000,
      882.3582766439913
    ],
    "chaat_udd": [
      49000,
      1021.678004535147
    ],
    "chhipkali_udd": [
      52000,
      1253.877551020409
    ],
    "chidiya_udd": [
      55000,
      1021.678004535147
    ],
    "chocolate_udd": [
      58000,
      1068.1179138321966
    ],
    "chole_bhature_udd": [
      61000,
      1346.7573696145153
    ],
    "cinema_udd": [
      64000,
      1207.4376417233593
    ],
    "cockroach_udd": [
      67000,
      1346.7573696145082
    ],
    "coffee_udd": [
      70000,
      928.7981859410479
    ],
    "cooler_udd": [
      72000,
      1068.1179138321966
    ],
    "cycle_udd": [
      75000,
      1021.678004535147
    ],
    "dal_udd": [
      78000,
      1021.678004535147
    ],
    "diya_udd": [
      81000,
      1021.678004535147
    ],
    "doraemon_udd": [
      84000,
      1207.4376417233593
    ],
    "dosa_udd": [
      87000,
      1021.678004535147
    ],
    "flamingo_udd": [
      90000,
      1160.99773242631
    ],
    "flying_carpet_udd": [
      93000,
      1393.1972789115575
    ],
    "flying_horse_udd": [
      96000,
      1207.4376417233593
    ],
    "flying_squirrel_udd": [
      99000,
      1207.4376417233593
    ],
    "fridge_udd": [
      102000,
      1114.5578231292461
    ],
    "frock_udd": [
      105000,
      1021.678004535147
    ],
    "gadha_udd": [
      108000,
      1114.5578231292461
    ],
    "ghongha_udd": [
      111000,
      1160.99773242631
    ],
    "gudiya_udd": [
      114000,
      1160.99773242631
    ],
    "gulab_jamun_udd": [
      117000,
      1486.077097505671
    ],
    "gum_udd": [
      120000,
      928.7981859410479
    ],
    "hang_glider_udd": [
      122000,
      975.2380952380975
    ],
    "hathi_udd": [
      124000,
      1068.1179138321966
    ],
    "headphones_udd": [
      127000,
      1114.5578231292461
    ],
    "helicopter_udd": [
      130000,
      1207.4376417233452
    ],
    "highlighter_udd": [
      133000,
      1021.678004535147
    ],
    "hiran_udd": [
      136000,
      975.2380952380975
    ],
    "joo_udd": [
      138000,
      835.9183673469488
    ],
    "jugnu_udd": [
      140000,
      1021.678004535147
    ],
    "kamal_udd": [
      143000,
      1021.678004535147
    ],
    "kangaroo_udd": [
      146000,
      1160.9977324262957
    ],
    "khidki_udd": [
      149000,
      1114.5578231292461
    ],
    "kiwi_bird_udd": [
      152000,
      1300.3174603174728
    ],
    "koel_udd": [
      155000,
      1068.1179138321966
    ],
    "krrish_udd": [
      158000,
      1068.1179138321966
    ],
    "kurta_udd": [
      161000,
      928.7981859410479
    ],
    "lamp_udd": [
      163000,
      975.2380952380975
    ],
    "laptop_udd": [
      165000,
      1160.9977324262957
    ],
    "lassi_udd": [
      168000,
      1114.5578231292461
    ],
    "lobster_udd": [
      171000,
      1114.5578231292461
    ],
    "lorry_udd": [
      174000,
      928.7981859410479
    ],
    "makhi_udd": [
      176000,
      1114.5578231292461
    ],
    "mayfly_udd": [
      179000,
      1021.678004535147
    ],
    "metro_udd": [
      182000,
      1114.5578231292461
    ],
    "moja_udd": [
      185000,
      835.9183673469488
    ],
    "mombatti_udd": [
      187000,
      1068.1179138321966
    ],
    "monitor_udd": [
      190000,
      1021.678004535147
    ],
    "murgi_udd": [
      193000,
      928.7981859410479
    ],
    "neem_udd": [
      195000,
      835.9183673469488
    ],
    "octopus_udd": [
      197000,
      1346.7573696145223
    ],
    "paav_udd": [
      200000,
      975.2380952380975
    ],
    "pahaad_udd": [
      202000,
      1021.678004535147
    ],
    "pankha_udd": [
      205000,
      1068.1179138321966
    ],
    "police_station_udd": [
      208000,
      1393.1972789115719
    ],
    "raat_udd": [
      211000,
      835.9183673469488
    ],
    "raincoat_udd": [
      213000,
      1068.1179138321966
    ],
    "razor_udd": [
      216000,
      1021.678004535147
    ],
    "remote_udd": [
      219000,
      975.2380952380975
    ],
    "saahi_udd": [
      221000,
      1346.7573696145223
    ],
    "saamp_udd": [
      224000,
      882.3582766439984
    ],
    "sabzi_udd": [
      226000,
      1114.5578231292461
    ],
    "sadak_udd": [
      229000,
      928.7981859410479
    ],
    "sandwich_udd": [
      231000,
      975.2380952380975
    ],
    "santra_udd": [
      233000,
      1160.9977324262957
    ],
    "scarf_udd": [
      236000,
      1021.678004535147
    ],
    "school_udd": [
      239000,
      1068.1179138321966
    ],
    "shampoo_udd": [
      242000,
      1114.5578231292461
    ],
    "sher_udd": [
      245000,
      928.7981859410479
    ],
    "shooting_star_udd": [
      247000,
      1068.1179138321966
    ],
    "sign_board_udd": [
      250000,
      1346.7573696145223
    ],
    "skipping_rope_udd": [
      253000,
      1393.1972789115719
    ],
    "sloth_udd": [
      256000,
      1114.5578231292461
    ],
    "sofa_udd": [
      259000,
      975.238095238069
    ],
    "suaar_udd": [
      261000,
      1068.117913832225
    ],
    "superman_udd": [
      264000,
      1160.997732426324
    ],
    "thaali_udd": [
      267000,
      1021.678004535147
    ],
    "tota_udd": [
      270000,
      1068.117913832225
    ],
    "umbrella_udd": [
      273000,
      1021.678004535147
    ],
    "wall_clock_udd": [
      276000,
      1160.997732426324
    ]
  }
}