{
  "urls": [
    "..\\..\\public\\sounds\\sprite_pack2.mp3"
  ],
  "sprite": {
    "ambulance_udd": [
      0,
      1253.8775510204082
    ],
    "amrood_udd": [
      3000,
      1068.1179138321993
    ],
    "auto_udd": [
      6000,
      882.3582766439913
    ],
    "baal_udd": [
      8000,
      882.3582766439913
    ],
    "bag_udd": [
      10000,
      928.7981859410426
    ],
    "balloon_udd": [
      12000,
      1021.678004535147
    ],
    "belan_udd": [
      15000,
      1068.1179138322002
    ],
    "bhains_udd": [
      18000,
      1114.5578231292532
    ],
    "bhediya_udd": [
      21000,
      1114.5578231292532
    ],
    "camera_udd": [
      24000,
      1021.678004535147
    ],
    "chadar_udd": [
      27000,
      1207.437641723356
    ],
    "chappal_udd": [
      30000,
      1207.437641723356
    ],
    "charger_udd": [
      33000,
      1114.5578231292532
    ],
    "chhata_udd": [
      36000,
      1021.678004535147
    ],
    "chidiya_udd": [
      39000,
      1114.5578231292532
    ],
    "chuha_udd": [
      42000,
      1114.5578231292532
    ],
    "computer_mouse_udd": [
      45000,
      1160.9977324263027
    ],
    "computer_udd": [
      48000,
      1021.678004535147
    ],
    "cricket_ball_udd": [
      51000,
      1253.877551020409
    ],
    "discus_udd": [
      54000,
      1114.5578231292532
    ],
    "dragonfly_udd": [
      57000,
      1253.877551020409
    ],
    "dukaan_udd": [
      60000,
      1021.678004535147
    ],
    "dustbin_udd": [
      63000,
      1160.99773242631
    ],
    "e_rickshaw_udd": [
      66000,
      1207.4376417233593
    ],
    "geometry_box_udd": [
      69000,
      1439.6371882086214
    ],
    "gidh_udd": [
      72000,
      789.478458049885
    ],
    "gorilla_udd": [
      74000,
      1068.1179138321966
    ],
    "hans_udd": [
      77000,
      928.7981859410479
    ],
    "hospital_udd": [
      79000,
      1068.1179138321966
    ],
    "imarti_udd": [
      82000,
      1160.99773242631
    ],
    "iron_man_udd": [
      85000,
      1114.5578231292461
    ],
    "jeep_udd": [
      88000,
      975.2380952380975
    ],
    "joota_udd": [
      90000,
      1021.678004535147
    ],
    "kenchwa_udd": [
      93000,
      882.3582766439841
    ],
    "khargosh_udd": [
      95000,
      1068.1179138321966
    ],
    "ludo_udd": [
      98000,
      975.2380952380975
    ],
    "machli_udd": [
      100000,
      975.2380952380975
    ],
    "madhumakhi_udd": [
      102000,
      1207.4376417233593
    ],
    "maina_udd": [
      105000,
      1021.678004535147
    ],
    "mandir_udd": [
      108000,
      1114.5578231292461
    ],
    "mongoose_udd": [
      111000,
      1160.99773242631
    ],
    "murgaa_udd": [
      114000,
      1021.678004535147
    ],
    "naariyal_udd": [
      117000,
      1068.1179138321966
    ],
    "ola_cab_udd": [
      120000,
      1300.3174603174584
    ],
    "panda_udd": [
      123000,
      1068.1179138321966
    ],
    "pankh_udd": [
      126000,
      928.7981859410479
    ],
    "paper_plane_udd": [
      128000,
      1253.8775510203948
    ],
    "patenga_udd": [
      131000,
      1160.9977324262957
    ],
    "pelican_udd": [
      134000,
      1114.5578231292461
    ],
    "pen_udd": [
      137000,
      882.3582766439984
    ],
    "power_bank_udd": [
      139000,
      1114.5578231292461
    ],
    "projector_udd": [
      142000,
      1207.4376417233452
    ],
    "rasgulla_udd": [
      145000,
      1253.8775510203948
    ],
    "razai_udd": [
      148000,
      1068.1179138321966
    ],
    "register_udd": [
      151000,
      1160.9977324262957
    ],
    "rickshaw_udd": [
      154000,
      1021.678004535147
    ],
    "santa_udd": [
      157000,
      1114.5578231292461
    ],
    "shaktimaan_udd": [
      160000,
      1300.3174603174728
    ],
    "shikra_udd": [
      163000,
      1160.9977324262957
    ],
    "stork_udd": [
      166000,
      1021.678004535147
    ],
    "submarine_udd": [
      169000,
      1160.9977324262957
    ],
    "suitcase_udd": [
      172000,
      1207.4376417233452
    ],
    "sweater_udd": [
      175000,
      1068.1179138321966
    ],
    "tank_udd": [
      178000,
      928.7981859410479
    ],
    "tawa_udd": [
      180000,
      975.2380952380975
    ],
    "toaster_udd": [
      182000,
      1346.7573696145223
    ],
    "truck_udd": [
      185000,
      1021.678004535147
    ],
    "woodpecker_udd": [
      188000,
      1160.9977324262957
    ]
  }
}