{
  "urls": [
    "..\\..\\public\\sounds\\sprite_pack1.mp3"
  ],
  "sprite": {
    "anda_udd": [
      0,
      1021.6780045351475
    ],
    "bagula_udd": [
      3000,
      1207.437641723356
    ],
    "batman_udd": [
      6000,
      1207.437641723356
    ],
    "bhalu_udd": [
      9000,
      975.2380952380956
    ],
    "bichhoo_udd": [
      11000,
      1160.9977324263045
    ],
    "bottle_udd": [
      14000,
      928.7981859410426
    ],
    "bus_udd": [
      16000,
      928.7981859410444
    ],
    "cap_udd": [
      18000,
      835.9183673469381
    ],
    "chai_udd": [
      20000,
      1068.1179138322002
    ],
    "cheetah_udd": [
      23000,
      1068.1179138322002
    ],
    "chicken_udd": [
      26000,
      1021.678004535147
    ],
    "chidiya_udd": [
      29000,
      1300.3174603174584
    ],
    "chimta_udd": [
      32000,
      975.2380952380975
    ],
    "crane_vehicle_udd": [
      34000,
      1486.077097505671
    ],
    "crocodile_udd": [
      37000,
      1253.877551020409
    ],
    "cylinder_udd": [
      40000,
      1114.5578231292532
    ],
    "dayan_udd": [
      43000,
      975.2380952380975
    ],
    "dupatta_udd": [
      45000,
      1114.5578231292532
    ],
    "eagle_udd": [
      48000,
      975.2380952380975
    ],
    "harry_potter_udd": [
      50000,
      1207.4376417233593
    ],
    "hawk_udd": [
      53000,
      975.2380952380975
    ],
    "hockey_stick_udd": [
      55000,
      1207.4376417233593
    ],
    "hummingbird_udd": [
      58000,
      1253.877551020409
    ],
    "jacket_udd": [
      61000,
      1021.678004535147
    ],
    "jhinga_udd": [
      64000,
      1160.99773242631
    ],
    "kekda_udd": [
      67000,
      1114.5578231292461
    ],
    "keyboard_udd": [
      70000,
      1114.5578231292461
    ],
    "ladoo_udd": [
      73000,
      1021.678004535147
    ],
    "ladybug_udd": [
      76000,
      1021.678004535147
    ],
    "lovebird_udd": [
      79000,
      1114.5578231292461
    ],
    "machhar_udd": [
      82000,
      1068.1179138321966
    ],
    "moth_udd": [
      85000,
      928.7981859410479
    ],
    "mutton_udd": [
      87000,
      928.7981859410479
    ],
    "office_udd": [
      89000,
      1068.1179138321966
    ],
    "palang_udd": [
      92000,
      975.2380952380975
    ],
    "pari_udd": [
      94000,
      975.2380952380975
    ],
    "patang_udd": [
      96000,
      1021.678004535147
    ],
    "pressure_cooker_udd": [
      99000,
      1114.5578231292461
    ],
    "raccoon_udd": [
      102000,
      1021.678004535147
    ],
    "saand_udd": [
      105000,
      1021.678004535147
    ],
    "sandal_udd": [
      108000,
      1068.1179138321966
    ],
    "scooter_udd": [
      111000,
      1114.5578231292461
    ],
    "shutarmurg_udd": [
      114000,
      1253.877551020409
    ],
    "starfish_udd": [
      117000,
      1207.4376417233593
    ],
    "stumps_udd": [
      120000,
      1021.678004535147
    ],
    "sunbird_udd": [
      123000,
      1114.5578231292461
    ],
    "suraj_udd": [
      126000,
      1021.678004535147
    ],
    "taara_udd": [
      129000,
      928.7981859410479
    ],
    "teddy_udd": [
      131000,
      1021.678004535147
    ],
    "teer_udd": [
      134000,
      789.4784580498992
    ],
    "tempo_udd": [
      136000,
      1021.678004535147
    ],
    "tennis_ball_udd": [
      139000,
      1207.4376417233452
    ],
    "train_udd": [
      142000,
      1021.678004535147
    ],
    "ullu_udd": [
      145000,
      1021.678004535147
    ],
    "vada_pav_udd": [
      148000,
      1207.4376417233452
    ],
    "volleyball_udd": [
      151000,
      1114.5578231292461
    ],
    "whale_udd": [
      154000,
      1068.1179138321966
    ],
    "zeppelin_udd": [
      157000,
      1068.1179138321966
    ]
  }
}