{
  "urls": [
    "../../public/sounds/sprite_pack6.mp3"
  ],
  "sprite": {
    "airport_udd": [
      0,
      1114.5578231292516
    ],
    "bagh_udd": [
      3000,
      928.798185941043
    ],
    "bakri_udd": [
      5000,
      1207.437641723356
    ],
    "balti_udd": [
      8000,
      1068.1179138322002
    ],
    "bandar_udd": [
      11000,
      1068.1179138322002
    ],
    "barf_udd": [
      14000,
      928.7981859410426
    ],
    "batakh_udd": [
      16000,
      1114.5578231292532
    ],
    "beetle_udd": [
      19000,
      1068.1179138322002
    ],
    "biryani_udd": [
      22000,
      1114.5578231292532
    ],
    "chidiya_udd": [
      25000,
      1160.9977324263027
    ],
    "cockatoo_udd": [
      28000,
      1068.1179138322002
    ],
    "crane_bird_udd": [
      31000,
      1207.4376417233593
    ],
    "dant_udd": [
      34000,
      835.9183673469417
    ],
    "dhokla_udd": [
      36000,
      1021.678004535147
    ],
    "dragon_udd": [
      39000,
      1114.5578231292532
    ],
    "earphones_udd": [
      42000,
      1207.4376417233593
    ],
    "fire_truck_udd": [
      45000,
      1253.877551020409
    ],
    "gaay_udd": [
      48000,
      1068.1179138321966
    ],
    "ghar_udd": [
      51000,
      1068.1179138321966
    ],
    "glider_udd": [
      54000,
      1114.5578231292532
    ],
    "jellyfish_udd": [
      57000,
      1160.9977324263027
    ],
    "jheel_udd": [
      60000,
      1021.678004535147
    ],
    "kabootar_udd": [
      63000,
      1114.5578231292461
    ],
    "kachhua_udd": [
      66000,
      1068.1179138321966
    ],
    "kadai_udd": [
      69000,
      1021.678004535147
    ],
    "kadhi_udd": [
      72000,
      1253.877551020409
    ],
    "kitaab_udd": [
      75000,
      1207.4376417233593
    ],
    "kutta_udd": [
      78000,
      975.2380952380975
    ],
    "marker_udd": [
      80000,
      1160.99773242631
    ],
    "masjid_udd": [
      83000,
      975.2380952380975
    ],
    "mitti_udd": [
      85000,
      882.3582766439841
    ],
    "monitor_liz_udd": [
      87000,
      1346.7573696145082
    ],
    "mor_udd": [
      90000,
      928.7981859410479
    ],
    "namkeen_udd": [
      92000,
      1114.5578231292461
    ],
    "necklace_udd": [
      95000,
      1068.1179138321966
    ],
    "net_udd": [
      98000,
      928.7981859410479
    ],
    "noodles_udd": [
      100000,
      928.7981859410479
    ],
    "paani_udd": [
      102000,
      975.2380952380975
    ],
    "papaya_udd": [
      104000,
      1114.5578231292461
    ],
    "pen_drive_udd": [
      107000,
      1207.4376417233593
    ],
    "puncher_udd": [
      110000,
      1114.5578231292461
    ],
    "puzzle_udd": [
      113000,
      1068.1179138321966
    ],
    "raita_udd": [
      116000,
      975.2380952380975
    ],
    "rassi_udd": [
      118000,
      1021.678004535147
    ],
    "saree_udd": [
      121000,
      1114.5578231292461
    ],
    "seagull_udd": [
      124000,
      1068.1179138321966
    ],
    "shirt_udd": [
      127000,
      975.2380952380975
    ],
    "shorts_udd": [
      129000,
      1160.9977324262957
    ],
    "sir_udd": [
      132000,
      928.7981859410479
    ],
    "spacecraft_udd": [
      134000,
      1346.7573696145223
    ],
    "sundi_udd": [
      137000,
      1114.5578231292461
    ],
    "tarbooz_udd": [
      140000,
      1114.5578231292461
    ],
    "thor_udd": [
      143000,
      975.2380952380975
    ],
    "tidda_udd": [
      145000,
      975.2380952380975
    ],
    "torch_udd": [
      147000,
      928.7981859410479
    ],
    "towel_udd": [
      149000,
      1021.678004535147
    ],
    "tv_udd": [
      152000,
      882.3582766439984
    ],
    "walrus_udd": [
      154000,
      1114.5578231292461
    ],
    "washing_machine_udd": [
      157000,
      1393.1972789115719
    ],
    "water_filter_udd": [
      160000,
      1346.7573696145223
    ]
  }
}