{
  "urls": [
    "..\\..\\public\\sounds\\sprite_pack3.mp3"
  ],
  "sprite": {
    "aam_udd": [
      0,
      696.5986394557823
    ],
    "almirah_udd": [
      2000,
      1207.437641723356
    ],
    "billi_udd": [
      5000,
      1068.1179138321993
    ],
    "bomb_udd": [
      8000,
      928.7981859410426
    ],
    "bulldozer_udd": [
      10000,
      1114.5578231292513
    ],
    "cactus_udd": [
      13000,
      1160.9977324263045
    ],
    "chalk_udd": [
      16000,
      1021.678004535147
    ],
    "chamgadar_udd": [
      19000,
      1253.877551020409
    ],
    "chidiya_udd": [
      22000,
      1068.1179138322002
    ],
    "chinti_udd": [
      25000,
      1068.1179138322002
    ],
    "dolphin_udd": [
      28000,
      1160.9977324263027
    ],
    "drone_udd": [
      31000,
      835.9183673469381
    ],
    "emu_udd": [
      33000,
      835.9183673469417
    ],
    "fighter_jet_udd": [
      35000,
      1160.9977324263027
    ],
    "flag_udd": [
      38000,
      1068.1179138321966
    ],
    "flameback_udd": [
      41000,
      1114.5578231292532
    ],
    "football_udd": [
      44000,
      1021.678004535147
    ],
    "gaadi_udd": [
      47000,
      1068.1179138321966
    ],
    "garuda_udd": [
      50000,
      1114.5578231292532
    ],
    "gas_stove_udd": [
      53000,
      1207.4376417233593
    ],
    "ghoda_udd": [
      56000,
      975.2380952380975
    ],
    "gilaas_udd": [
      58000,
      975.2380952380975
    ],
    "hornbill_udd": [
      60000,
      1068.1179138321966
    ],
    "hot_air_balloon_udd": [
      63000,
      1160.99773242631
    ],
    "ice_cream_udd": [
      66000,
      1114.5578231292461
    ],
    "indradhanush_udd": [
      69000,
      1253.877551020409
    ],
    "jhaadu_udd": [
      72000,
      1068.1179138321966
    ],
    "jiraaf_udd": [
      75000,
      1160.99773242631
    ],
    "kauwa_udd": [
      78000,
      1114.5578231292461
    ],
    "kingfisher_udd": [
      81000,
      1207.4376417233593
    ],
    "kulfi_udd": [
      84000,
      1114.5578231292461
    ],
    "kursi_udd": [
      87000,
      1021.678004535147
    ],
    "lomdi_udd": [
      90000,
      975.2380952380975
    ],
    "magpie_udd": [
      92000,
      1114.5578231292461
    ],
    "mattress_udd": [
      95000,
      1207.4376417233593
    ],
    "microwave_udd": [
      98000,
      1114.5578231292461
    ],
    "mobile_udd": [
      101000,
      1021.678004535147
    ],
    "naav_udd": [
      104000,
      882.3582766439841
    ],
    "otter_udd": [
      106000,
      1021.678004535147
    ],
    "panther_udd": [
      109000,
      1021.678004535147
    ],
    "papad_udd": [
      112000,
      975.2380952380975
    ],
    "paratha_udd": [
      114000,
      1253.877551020409
    ],
    "phoenix_udd": [
      117000,
      1068.1179138321966
    ],
    "photo_frame_udd": [
      120000,
      1253.877551020409
    ],
    "printer_udd": [
      123000,
      1021.678004535147
    ],
    "ra_one_udd": [
      126000,
      975.2380952380975
    ],
    "samosa_udd": [
      128000,
      1300.3174603174728
    ],
    "satellite_udd": [
      131000,
      1160.9977324262957
    ],
    "shark_udd": [
      134000,
      1068.1179138321966
    ],
    "sikka_udd": [
      137000,
      928.7981859410479
    ],
    "siyaar_udd": [
      139000,
      1021.678004535147
    ],
    "sunflower_udd": [
      142000,
      1253.8775510203948
    ],
    "table_udd": [
      145000,
      1114.5578231292461
    ],
    "takiya_udd": [
      148000,
      1068.1179138321966
    ],
    "taxi_udd": [
      151000,
      1068.1179138321966
    ],
    "teetar_udd": [
      154000,
      1068.1179138321966
    ],
    "termite_udd": [
      157000,
      1068.1179138321966
    ],
    "tiddi_udd": [
      160000,
      1068.1179138321966
    ],
    "tinkerbell_udd": [
      163000,
      1114.5578231292461
    ],
    "toy_car_udd": [
      166000,
      1114.5578231292461
    ],
    "wallet_udd": [
      169000,
      1021.678004535147
    ]
  }
}