{
  "urls": [
    "../../public/sounds/sprite_pack2.mp3"
  ],
  "sprite": {
    "aag_udd": [
      0,
      696.5986394557823
    ],
    "albatross_udd": [
      2000,
      1160.9977324263036
    ],
    "ambulance_udd": [
      5000,
      1253.8775510204082
    ],
    "amrood_udd": [
      8000,
      1068.1179138322002
    ],
    "auto_udd": [
      11000,
      882.3582766439913
    ],
    "baal_udd": [
      13000,
      882.3582766439913
    ],
    "bag_udd": [
      15000,
      928.7981859410426
    ],
    "balloon_udd": [
      17000,
      1021.678004535147
    ],
    "belan_udd": [
      20000,
      1068.1179138322002
    ],
    "bhains_udd": [
      23000,
      1114.5578231292532
    ],
    "bhediya_udd": [
      26000,
      1114.5578231292532
    ],
    "cake_udd": [
      29000,
      882.3582766439913
    ],
    "camera_udd": [
      31000,
      1021.678004535147
    ],
    "chadar_udd": [
      34000,
      1207.4376417233593
    ],
    "chamach_udd": [
      37000,
      1021.678004535147
    ],
    "chappal_udd": [
      40000,
      1207.4376417233593
    ],
    "charger_udd": [
      43000,
      1114.5578231292532
    ],
    "chhata_udd": [
      46000,
      1021.678004535147
    ],
    "chidiya_udd": [
      49000,
      1114.5578231292532
    ],
    "chikki_udd": [
      52000,
      1021.678004535147
    ],
    "chuha_udd": [
      55000,
      1114.5578231292532
    ],
    "computer_mouse_udd": [
      58000,
      1160.9977324263027
    ],
    "computer_udd": [
      61000,
      1021.678004535147
    ],
    "cricket_ball_udd": [
      64000,
      1253.877551020409
    ],
    "discus_udd": [
      67000,
      1114.5578231292461
    ],
    "dragonfly_udd": [
      70000,
      1253.877551020409
    ],
    "dukaan_udd": [
      73000,
      1021.678004535147
    ],
    "dustbin_udd": [
      76000,
      1160.99773242631
    ],
    "e_rickshaw_udd": [
      79000,
      1207.4376417233593
    ],
    "finch_udd": [
      82000,
      928.7981859410479
    ],
    "flower_pot_udd": [
      84000,
      1300.3174603174584
    ],
    "geometry_box_udd": [
      87000,
      1439.6371882086214
    ],
    "gidh_udd": [
      90000,
      789.478458049885
    ],
    "gloves_udd": [
      92000,
      1021.678004535147
    ],
    "gorilla_udd": [
      95000,
      1068.1179138321966
    ],
    "gulab_udd": [
      98000,
      928.7981859410479
    ],
    "hanger_udd": [
      100000,
      882.3582766439841
    ],
    "hans_udd": [
      102000,
      928.7981859410479
    ],
    "hont_udd": [
      104000,
      975.2380952380975
    ],
    "hospital_udd": [
      106000,
      1068.1179138321966
    ],
    "imarti_udd": [
      109000,
      1160.99773242631
    ],
    "iron_man_udd": [
      112000,
      1114.5578231292461
    ],
    "jeans_udd": [
      115000,
      1160.99773242631
    ],
    "jeep_udd": [
      118000,
      975.2380952380975
    ],
    "joota_udd": [
      120000,
      1021.678004535147
    ],
    "kamar_udd": [
      123000,
      1021.678004535147
    ],
    "karcha_udd": [
      126000,
      1068.1179138321966
    ],
    "katora_udd": [
      129000,
      1114.5578231292461
    ],
    "kenchwa_udd": [
      132000,
      882.3582766439984
    ],
    "khargosh_udd": [
      134000,
      1068.1179138321966
    ],
    "leggings_udd": [
      137000,
      1068.1179138321966
    ],
    "ludo_udd": [
      140000,
      975.2380952380975
    ],
    "machli_udd": [
      142000,
      975.2380952380975
    ],
    "madhumakhi_udd": [
      144000,
      1207.4376417233452
    ],
    "maina_udd": [
      147000,
      1021.678004535147
    ],
    "mandir_udd": [
      150000,
      1114.5578231292461
    ],
    "mongoose_udd": [
      153000,
      1160.9977324262957
    ],
    "moose_udd": [
      156000,
      1068.1179138321966
    ],
    "murgaa_udd": [
      159000,
      1021.678004535147
    ],
    "murgabi_udd": [
      162000,
      1207.4376417233452
    ],
    "naakhun_udd": [
      165000,
      928.7981859410479
    ],
    "naariyal_udd": [
      167000,
      1068.1179138321966
    ],
    "ola_cab_udd": [
      170000,
      1300.3174603174728
    ],
    "panda_udd": [
      173000,
      1068.1179138321966
    ],
    "pankh_udd": [
      176000,
      928.7981859410479
    ],
    "paper_plane_udd": [
      178000,
      1253.8775510203948
    ],
    "patenga_udd": [
      181000,
      1160.9977324262957
    ],
    "pelican_udd": [
      184000,
      1114.5578231292461
    ],
    "pen_udd": [
      187000,
      882.3582766439984
    ],
    "platypus_udd": [
      189000,
      1160.9977324262957
    ],
    "power_bank_udd": [
      192000,
      1114.5578231292461
    ],
    "projector_udd": [
      195000,
      1207.4376417233452
    ],
    "pul_udd": [
      198000,
      835.9183673469488
    ],
    "rasgulla_udd": [
      200000,
      1253.8775510203948
    ],
    "razai_udd": [
      203000,
      1068.1179138321966
    ],
    "register_udd": [
      206000,
      1160.9977324262957
    ],
    "rickshaw_udd": [
      209000,
      1021.678004535147
    ],
    "saagar_udd": [
      212000,
      1068.1179138321966
    ],
    "santa_udd": [
      215000,
      1114.5578231292461
    ],
    "shahin_udd": [
      218000,
      1160.9977324262957
    ],
    "shaktimaan_udd": [
      221000,
      1300.3174603174728
    ],
    "shikra_udd": [
      224000,
      1160.9977324262957
    ],
    "soap_udd": [
      227000,
      975.2380952380975
    ],
    "stapler_udd": [
      229000,
      1160.9977324262957
    ],
    "stork_udd": [
      232000,
      1021.678004535147
    ],
    "submarine_udd": [
      235000,
      1160.9977324262957
    ],
    "sui_udd": [
      238000,
      1068.1179138321966
    ],
    "suitcase_udd": [
      241000,
      1207.4376417233452
    ],
    "swallow_udd": [
      244000,
      1068.1179138321966
    ],
    "sweater_udd": [
      247000,
      1068.1179138321966
    ],
    "tank_udd": [
      250000,
      928.7981859410479
    ],
    "tawa_udd": [
      252000,
      975.2380952380975
    ],
    "tie_udd": [
      254000,
      928.7981859410479
    ],
    "toaster_udd": [
      256000,
      1346.7573696145223
    ],
    "tram_udd": [
      259000,
      975.238095238069
    ],
    "truck_udd": [
      261000,
      1021.678004535147
    ],
    "tshirt_udd": [
      264000,
      1068.117913832225
    ],
    "wasp_udd": [
      267000,
      975.238095238069
    ],
    "watch_udd": [
      269000,
      975.238095238069
    ],
    "woodpecker_udd": [
      271000,
      1160.997732426324
    ],
    "yak_udd": [
      274000,
      882.3582766439699
    ]
  }
}