{
  "urls": [
    "../../public/sounds/sprite_pack5.mp3"
  ],
  "sprite": {
    "ac_udd": [
      0,
      882.358276643991
    ],
    "aeroplane_udd": [
      2000,
      1160.9977324263036
    ],
    "angoothi_udd": [
      5000,
      1300.3174603174602
    ],
    "baaz_udd": [
      8000,
      1114.5578231292513
    ],
    "baya_udd": [
      11000,
      975.2380952380956
    ],
    "bike_udd": [
      13000,
      789.4784580498869
    ],
    "boomerang_udd": [
      15000,
      1021.678004535147
    ],
    "budgie_udd": [
      18000,
      975.2380952380939
    ],
    "bulbul_udd": [
      20000,
      1114.5578231292532
    ],
    "bull_udd": [
      23000,
      835.9183673469381
    ],
    "cable_car_udd": [
      25000,
      1207.437641723356
    ],
    "capybara_udd": [
      28000,
      1207.437641723356
    ],
    "carpet_udd": [
      31000,
      1068.1179138321966
    ],
    "carrom_udd": [
      34000,
      1021.678004535147
    ],
    "chaku_udd": [
      37000,
      1114.5578231292532
    ],
    "chameleon_udd": [
      40000,
      1160.9977324263027
    ],
    "chidiya_udd": [
      43000,
      1160.9977324263027
    ],
    "chimpanzee_udd": [
      46000,
      1439.6371882086144
    ],
    "chips_udd": [
      49000,
      928.7981859410409
    ],
    "chutney_udd": [
      51000,
      1021.678004535147
    ],
    "crayon_udd": [
      54000,
      1068.1179138321966
    ],
    "cricket_bat_udd": [
      57000,
      1253.877551020409
    ],
    "cup_udd": [
      60000,
      1021.678004535147
    ],
    "darwaza_udd": [
      63000,
      1160.99773242631
    ],
    "dhaga_udd": [
      66000,
      1021.678004535147
    ],
    "dhoop_udd": [
      69000,
      1114.5578231292461
    ],
    "dice_udd": [
      72000,
      1114.5578231292461
    ],
    "doodh_udd": [
      75000,
      835.9183673469346
    ],
    "drongo_udd": [
      77000,
      975.2380952380975
    ],
    "eraser_udd": [
      79000,
      1207.4376417233593
    ],
    "farishta_udd": [
      82000,
      1207.4376417233593
    ],
    "ferret_udd": [
      85000,
      1021.678004535147
    ],
    "flying_fish_udd": [
      88000,
      1160.99773242631
    ],
    "frisbee_udd": [
      91000,
      1068.1179138321966
    ],
    "gainda_udd": [
      94000,
      1068.1179138321966
    ],
    "gajak_udd": [
      97000,
      1068.1179138321966
    ],
    "ghaas_udd": [
      100000,
      1021.678004535147
    ],
    "gilehri_udd": [
      103000,
      1207.4376417233593
    ],
    "goli_udd": [
      106000,
      1068.1179138321966
    ],
    "haath_udd": [
      109000,
      928.7981859410479
    ],
    "halwa_udd": [
      111000,
      1114.5578231292461
    ],
    "hanuman_udd": [
      114000,
      1068.1179138321966
    ],
    "helmet_udd": [
      117000,
      928.7981859410479
    ],
    "hippo_udd": [
      119000,
      1068.1179138321966
    ],
    "hoodie_udd": [
      122000,
      975.2380952380975
    ],
    "hornet_udd": [
      124000,
      1068.1179138321966
    ],
    "hotel_udd": [
      127000,
      1021.678004535147
    ],
    "kachori_udd": [
      130000,
      1114.5578231292461
    ],
    "kanghi_udd": [
      133000,
      1114.5578231292461
    ],
    "kela_udd": [
      136000,
      1021.678004535147
    ],
    "kettle_udd": [
      139000,
      1021.678004535147
    ],
    "kheer_udd": [
      142000,
      1068.1179138321966
    ],
    "khichdi_udd": [
      145000,
      1207.4376417233452
    ],
    "macaw_udd": [
      148000,
      1068.1179138321966
    ],
    "makdi_udd": [
      151000,
      1160.9977324262957
    ],
    "mall_udd": [
      154000,
      882.3582766439984
    ],
    "mendhak_udd": [
      156000,
      1114.5578231292461
    ],
    "misal_pav_udd": [
      159000,
      1300.3174603174728
    ],
    "mole_udd": [
      162000,
      928.7981859410479
    ],
    "nevla_udd": [
      164000,
      1068.1179138321966
    ],
    "nimbu_paani_udd": [
      167000,
      1300.3174603174728
    ],
    "nimbu_udd": [
      170000,
      928.7981859410479
    ],
    "note_udd": [
      172000,
      928.7981859410479
    ],
    "pant_udd": [
      174000,
      928.7981859410479
    ],
    "parachute_udd": [
      176000,
      1114.5578231292461
    ],
    "paraglider_udd": [
      179000,
      1346.7573696145223
    ],
    "pasta_udd": [
      182000,
      1160.9977324262957
    ],
    "patthar_udd": [
      185000,
      1021.678004535147
    ],
    "pav_bhaji_udd": [
      188000,
      1532.5170068027205
    ],
    "ped_udd": [
      191000,
      928.7981859410479
    ],
    "peda_udd": [
      193000,
      928.7981859410479
    ],
    "pencil_udd": [
      195000,
      1068.1179138321966
    ],
    "penguin_udd": [
      198000,
      975.2380952380975
    ],
    "pillar_udd": [
      200000,
      928.7981859410479
    ],
    "pineapple_udd": [
      202000,
      1160.9977324262957
    ],
    "pizza_udd": [
      205000,
      1114.5578231292461
    ],
    "poha_udd": [
      208000,
      975.2380952380975
    ],
    "polar_bear_udd": [
      210000,
      1300.3174603174728
    ],
    "purse_udd": [
      213000,
      1021.678004535147
    ],
    "racket_udd": [
      216000,
      928.7981859410479
    ],
    "rajma_udd": [
      218000,
      1068.1179138321966
    ],
    "robin_udd": [
      221000,
      975.2380952380975
    ],
    "rocket_udd": [
      223000,
      1021.678004535147
    ],
    "rope_udd": [
      226000,
      835.9183673469488
    ],
    "roti_udd": [
      228000,
      928.7981859410479
    ],
    "scale_udd": [
      230000,
      1114.5578231292461
    ],
    "seal_udd": [
      233000,
      1021.678004535147
    ],
    "seb_udd": [
      236000,
      789.4784580498992
    ],
    "sharpener_udd": [
      238000,
      1207.4376417233452
    ],
    "ship_udd": [
      241000,
      882.3582766439984
    ],
    "shuttlecock_udd": [
      243000,
      1207.4376417233452
    ],
    "smart_watch_udd": [
      246000,
      1253.8775510203948
    ],
    "swift_udd": [
      249000,
      1160.9977324262957
    ],
    "taash_udd": [
      252000,
      882.3582766439984
    ],
    "tablet_udd": [
      254000,
      1021.678004535147
    ],
    "tamatar_udd": [
      257000,
      1253.8775510204232
    ],
    "titli_udd": [
      260000,
      1068.117913832225
    ],
    "tractor_udd": [
      263000,
      975.238095238069
    ],
    "ufo_udd": [
      265000,
      882.3582766439699
    ],
    "unta_udd": [
      267000,
      1021.678004535147
    ]
  }
}