{
  "urls": [
    "../../public/sounds/sprite_pack1.mp3"
  ],
  "sprite": {
    "aaina_udd": [
      0,
      975.2380952380952
    ],
    "anda_udd": [
      2000,
      1021.6780045351475
    ],
    "angoor_udd": [
      5000,
      1068.1179138321993
    ],
    "angootha_udd": [
      8000,
      1114.5578231292513
    ],
    "bagula_udd": [
      11000,
      1207.437641723356
    ],
    "baniyan_udd": [
      14000,
      1068.1179138322002
    ],
    "batman_udd": [
      17000,
      1207.437641723356
    ],
    "bhalu_udd": [
      20000,
      975.2380952380939
    ],
    "bhel_udd": [
      22000,
      928.7981859410444
    ],
    "bichhoo_udd": [
      24000,
      1160.9977324263027
    ],
    "biscuit_udd": [
      27000,
      1068.1179138322002
    ],
    "bottle_udd": [
      30000,
      928.7981859410444
    ],
    "bulb_udd": [
      32000,
      1021.678004535147
    ],
    "bus_udd": [
      35000,
      928.7981859410409
    ],
    "cap_udd": [
      37000,
      835.9183673469417
    ],
    "chaabi_udd": [
      39000,
      1068.1179138321966
    ],
    "chai_udd": [
      42000,
      1068.1179138321966
    ],
    "cheetah_udd": [
      45000,
      1068.1179138321966
    ],
    "chicken_udd": [
      48000,
      1021.678004535147
    ],
    "chidiya_udd": [
      51000,
      1300.3174603174584
    ],
    "chimta_udd": [
      54000,
      975.2380952380975
    ],
    "coat_udd": [
      56000,
      928.7981859410409
    ],
    "compass_udd": [
      58000,
      1114.5578231292532
    ],
    "copy_udd": [
      61000,
      1021.678004535147
    ],
    "crane_vehicle_udd": [
      64000,
      1486.077097505671
    ],
    "crocodile_udd": [
      67000,
      1253.877551020409
    ],
    "cylinder_udd": [
      70000,
      1114.5578231292461
    ],
    "dayan_udd": [
      73000,
      975.2380952380975
    ],
    "dupatta_udd": [
      75000,
      1114.5578231292461
    ],
    "eagle_udd": [
      78000,
      975.2380952380975
    ],
    "gardan_udd": [
      80000,
      1021.678004535147
    ],
    "harry_potter_udd": [
      83000,
      1207.4376417233593
    ],
    "hawk_udd": [
      86000,
      975.2380952380975
    ],
    "hockey_stick_udd": [
      88000,
      1207.4376417233593
    ],
    "hummingbird_udd": [
      91000,
      1253.877551020409
    ],
    "iron_press_udd": [
      94000,
      1068.1179138321966
    ],
    "jacket_udd": [
      97000,
      1021.678004535147
    ],
    "jalebi_udd": [
      100000,
      1068.1179138321966
    ],
    "jeebh_udd": [
      103000,
      928.7981859410479
    ],
    "jhinga_udd": [
      105000,
      1160.99773242631
    ],
    "kaan_udd": [
      108000,
      1068.1179138321966
    ],
    "kalai_udd": [
      111000,
      1114.5578231292461
    ],
    "kandha_udd": [
      114000,
      1160.99773242631
    ],
    "kekda_udd": [
      117000,
      1114.5578231292461
    ],
    "keyboard_udd": [
      120000,
      1114.5578231292461
    ],
    "koala_udd": [
      123000,
      1021.678004535147
    ],
    "ladoo_udd": [
      126000,
      1021.678004535147
    ],
    "ladybug_udd": [
      129000,
      1021.678004535147
    ],
    "lovebird_udd": [
      132000,
      1114.5578231292461
    ],
    "maachis_udd": [
      135000,
      1021.678004535147
    ],
    "machhar_udd": [
      138000,
      1068.1179138321966
    ],
    "map_udd": [
      141000,
      835.9183673469488
    ],
    "meerkat_udd": [
      143000,
      1160.9977324262957
    ],
    "mixer_udd": [
      146000,
      1114.5578231292461
    ],
    "moth_udd": [
      149000,
      928.7981859410479
    ],
    "mug_udd": [
      151000,
      1021.678004535147
    ],
    "mule_udd": [
      154000,
      975.2380952380975
    ],
    "murmure_udd": [
      156000,
      1068.1179138321966
    ],
    "mutton_udd": [
      159000,
      928.7981859410479
    ],
    "nadi_udd": [
      161000,
      835.9183673469488
    ],
    "office_udd": [
      163000,
      1068.1179138321966
    ],
    "palang_udd": [
      166000,
      975.2380952380975
    ],
    "parakeet_udd": [
      168000,
      1114.5578231292461
    ],
    "parda_udd": [
      171000,
      1068.1179138321966
    ],
    "pari_udd": [
      174000,
      975.2380952380975
    ],
    "patang_udd": [
      176000,
      1021.678004535147
    ],
    "pegasus_udd": [
      179000,
      1300.3174603174728
    ],
    "phool_udd": [
      182000,
      1114.5578231292461
    ],
    "pressure_cooker_udd": [
      185000,
      1114.5578231292461
    ],
    "puffin_udd": [
      188000,
      1114.5578231292461
    ],
    "pyaaz_udd": [
      191000,
      1114.5578231292461
    ],
    "raccoon_udd": [
      194000,
      1021.678004535147
    ],
    "router_udd": [
      197000,
      1114.5578231292461
    ],
    "saand_udd": [
      200000,
      1021.678004535147
    ],
    "sandal_udd": [
      203000,
      1068.1179138321966
    ],
    "scissors_udd": [
      206000,
      1160.9977324262957
    ],
    "scooter_udd": [
      209000,
      1114.5578231292461
    ],
    "shutarmurg_udd": [
      212000,
      1253.8775510203948
    ],
    "starfish_udd": [
      215000,
      1207.4376417233452
    ],
    "station_udd": [
      218000,
      1160.9977324262957
    ],
    "stumps_udd": [
      221000,
      1021.678004535147
    ],
    "sunbird_udd": [
      224000,
      1114.5578231292461
    ],
    "suraj_udd": [
      227000,
      1021.678004535147
    ],
    "taara_udd": [
      230000,
      928.7981859410479
    ],
    "teddy_udd": [
      232000,
      1021.678004535147
    ],
    "teer_udd": [
      235000,
      789.4784580498992
    ],
    "tempo_udd": [
      237000,
      1021.678004535147
    ],
    "tennis_ball_udd": [
      240000,
      1207.4376417233452
    ],
    "thermos_udd": [
      243000,
      1068.1179138321966
    ],
    "tiffin_udd": [
      246000,
      1021.678004535147
    ],
    "toucan_udd": [
      249000,
      1207.4376417233452
    ],
    "train_udd": [
      252000,
      1021.678004535147
    ],
    "tulsi_udd": [
      255000,
      1021.678004535147
    ],
    "ullu_udd": [
      258000,
      1021.678004535147
    ],
    "underwear_udd": [
      261000,
      928.7981859410479
    ],
    "vada_pav_udd": [
      263000,
      1207.4376417233452
    ],
    "vase_udd": [
      266000,
      1021.678004535147
    ],
    "volleyball_udd": [
      269000,
      1114.5578231292461
    ],
    "whale_udd": [
      272000,
      1068.117913832225
    ],
    "zebra_udd": [
      275000,
      975.238095238069
    ],
    "zeppelin_udd": [
      277000,
      1068.117913832225
    ]
  }
}