{
  "urls": [
    "..\\..\\public\\sounds\\sprite_pack4.mp3"
  ],
  "sprite": {
    "aankh_udd": [
      0,
      882.358276643991
    ],
    "badal_udd": [
      2000,
      882.3582766439908
    ],
    "basketball_udd": [
      4000,
      1207.437641723356
    ],
    "beaver_udd": [
      7000,
      1021.678004535147
    ],
    "belt_udd": [
      10000,
      928.7981859410426
    ],
    "bhala_udd": [
      12000,
      1114.5578231292513
    ],
    "bhed_udd": [
      15000,
      975.2380952380956
    ],
    "bijli_udd": [
      17000,
      1114.5578231292532
    ],
    "briefcase_udd": [
      20000,
      1253.877551020409
    ],
    "calculator_udd": [
      23000,
      1253.877551020409
    ],
    "chaand_udd": [
      26000,
      882.3582766439913
    ],
    "chidiya_udd": [
      28000,
      1021.678004535147
    ],
    "chocolate_udd": [
      31000,
      1068.1179138321966
    ],
    "chole_bhature_udd": [
      34000,
      1346.7573696145153
    ],
    "cinema_udd": [
      37000,
      1207.4376417233593
    ],
    "cockroach_udd": [
      40000,
      1346.7573696145153
    ],
    "coffee_udd": [
      43000,
      928.7981859410409
    ],
    "cooler_udd": [
      45000,
      1068.1179138321966
    ],
    "diya_udd": [
      48000,
      1021.678004535147
    ],
    "doraemon_udd": [
      51000,
      1207.4376417233593
    ],
    "dosa_udd": [
      54000,
      1021.678004535147
    ],
    "flamingo_udd": [
      57000,
      1160.9977324263027
    ],
    "flying_carpet_udd": [
      60000,
      1393.1972789115648
    ],
    "flying_horse_udd": [
      63000,
      1207.4376417233593
    ],
    "flying_squirrel_udd": [
      66000,
      1207.4376417233593
    ],
    "fridge_udd": [
      69000,
      1114.5578231292461
    ],
    "gadha_udd": [
      72000,
      1114.5578231292461
    ],
    "ghongha_udd": [
      75000,
      1160.99773242631
    ],
    "gulab_jamun_udd": [
      78000,
      1486.077097505671
    ],
    "hang_glider_udd": [
      81000,
      975.2380952380975
    ],
    "hathi_udd": [
      83000,
      1068.1179138321966
    ],
    "helicopter_udd": [
      86000,
      1207.4376417233593
    ],
    "highlighter_udd": [
      89000,
      1021.678004535147
    ],
    "hiran_udd": [
      92000,
      975.2380952380975
    ],
    "jugnu_udd": [
      94000,
      1021.678004535147
    ],
    "kamal_udd": [
      97000,
      1021.678004535147
    ],
    "kangaroo_udd": [
      100000,
      1160.99773242631
    ],
    "khidki_udd": [
      103000,
      1114.5578231292461
    ],
    "kiwi_bird_udd": [
      106000,
      1300.3174603174584
    ],
    "koel_udd": [
      109000,
      1068.1179138321966
    ],
    "krrish_udd": [
      112000,
      1068.1179138321966
    ],
    "kurta_udd": [
      115000,
      928.7981859410479
    ],
    "laptop_udd": [
      117000,
      1160.99773242631
    ],
    "lassi_udd": [
      120000,
      1114.5578231292461
    ],
    "lobster_udd": [
      123000,
      1114.5578231292461
    ],
    "lorry_udd": [
      126000,
      928.7981859410479
    ],
    "makhi_udd": [
      128000,
      1114.5578231292461
    ],
    "mayfly_udd": [
      131000,
      1021.678004535147
    ],
    "metro_udd": [
      134000,
      1114.5578231292461
    ],
    "mombatti_udd": [
      137000,
      1068.1179138321966
    ],
    "monitor_udd": [
      140000,
      1021.678004535147
    ],
    "murgi_udd": [
      143000,
      928.7981859410479
    ],
    "octopus_udd": [
      145000,
      1346.7573696145223
    ],
    "pahaad_udd": [
      148000,
      1021.678004535147
    ],
    "pankha_udd": [
      151000,
      1068.1179138321966
    ],
    "police_station_udd": [
      154000,
      1393.1972789115719
    ],
    "raat_udd": [
      157000,
      835.9183673469488
    ],
    "raincoat_udd": [
      159000,
      1068.1179138321966
    ],
    "remote_udd": [
      162000,
      975.2380952380975
    ],
    "saamp_udd": [
      164000,
      882.3582766439984
    ],
    "sabzi_udd": [
      166000,
      1114.5578231292461
    ],
    "sadak_udd": [
      169000,
      928.7981859410479
    ],
    "sandwich_udd": [
      171000,
      975.2380952380975
    ],
    "santra_udd": [
      173000,
      1160.9977324262957
    ],
    "scarf_udd": [
      176000,
      1021.678004535147
    ],
    "school_udd": [
      179000,
      1068.1179138321966
    ],
    "shampoo_udd": [
      182000,
      1114.5578231292461
    ],
    "sher_udd": [
      185000,
      928.7981859410479
    ],
    "shooting_star_udd": [
      187000,
      1068.1179138321966
    ],
    "sloth_udd": [
      190000,
      1114.5578231292461
    ],
    "suaar_udd": [
      193000,
      1068.1179138321966
    ],
    "superman_udd": [
      196000,
      1160.9977324262957
    ],
    "thaali_udd": [
      199000,
      1021.678004535147
    ],
    "tota_udd": [
      202000,
      1068.1179138321966
    ]
  }
}