{
  "urls": [
    "..\\..\\public\\sounds\\sprite_pack5.mp3"
  ],
  "sprite": {
    "ac_udd": [
      0,
      882.358276643991
    ],
    "aeroplane_udd": [
      2000,
      1160.9977324263036
    ],
    "angoothi_udd": [
      5000,
      1300.3174603174602
    ],
    "baaz_udd": [
      8000,
      1114.5578231292513
    ],
    "baya_udd": [
      11000,
      975.2380952380956
    ],
    "bike_udd": [
      13000,
      789.4784580498869
    ],
    "boomerang_udd": [
      15000,
      1021.678004535147
    ],
    "budgie_udd": [
      18000,
      975.2380952380939
    ],
    "bulbul_udd": [
      20000,
      1114.5578231292532
    ],
    "cable_car_udd": [
      23000,
      1207.437641723356
    ],
    "carpet_udd": [
      26000,
      1068.1179138322002
    ],
    "carrom_udd": [
      29000,
      1021.678004535147
    ],
    "chaku_udd": [
      32000,
      1114.5578231292532
    ],
    "chameleon_udd": [
      35000,
      1160.9977324263027
    ],
    "chidiya_udd": [
      38000,
      1160.9977324263027
    ],
    "chimpanzee_udd": [
      41000,
      1439.6371882086144
    ],
    "chips_udd": [
      44000,
      928.7981859410409
    ],
    "chutney_udd": [
      46000,
      1021.678004535147
    ],
    "crayon_udd": [
      49000,
      1068.1179138321966
    ],
    "cricket_bat_udd": [
      52000,
      1253.877551020409
    ],
    "cup_udd": [
      55000,
      1021.678004535147
    ],
    "darwaza_udd": [
      58000,
      1160.9977324263027
    ],
    "dhoop_udd": [
      61000,
      1114.5578231292532
    ],
    "dice_udd": [
      64000,
      1114.5578231292461
    ],
    "doodh_udd": [
      67000,
      835.9183673469346
    ],
    "drongo_udd": [
      69000,
      975.2380952380975
    ],
    "eraser_udd": [
      71000,
      1207.4376417233593
    ],
    "farishta_udd": [
      74000,
      1207.4376417233593
    ],
    "flying_fish_udd": [
      77000,
      1160.99773242631
    ],
    "frisbee_udd": [
      80000,
      1068.1179138321966
    ],
    "gainda_udd": [
      83000,
      1068.1179138321966
    ],
    "gilehri_udd": [
      86000,
      1207.4376417233593
    ],
    "goli_udd": [
      89000,
      1068.1179138321966
    ],
    "haath_udd": [
      92000,
      928.7981859410479
    ],
    "hanuman_udd": [
      94000,
      1068.1179138321966
    ],
    "helmet_udd": [
      97000,
      928.7981859410479
    ],
    "hippo_udd": [
      99000,
      1068.1179138321966
    ],
    "hornet_udd": [
      102000,
      1068.1179138321966
    ],
    "hotel_udd": [
      105000,
      1021.678004535147
    ],
    "kachori_udd": [
      108000,
      1114.5578231292461
    ],
    "kanghi_udd": [
      111000,
      1114.5578231292461
    ],
    "kela_udd": [
      114000,
      1021.678004535147
    ],
    "kettle_udd": [
      117000,
      1021.678004535147
    ],
    "khichdi_udd": [
      120000,
      1207.4376417233593
    ],
    "macaw_udd": [
      123000,
      1068.1179138321966
    ],
    "makdi_udd": [
      126000,
      1160.99773242631
    ],
    "mall_udd": [
      129000,
      882.3582766439984
    ],
    "mendhak_udd": [
      131000,
      1114.5578231292461
    ],
    "misal_pav_udd": [
      134000,
      1300.3174603174728
    ],
    "mole_udd": [
      137000,
      928.7981859410479
    ],
    "nimbu_udd": [
      139000,
      928.7981859410479
    ],
    "note_udd": [
      141000,
      928.7981859410479
    ],
    "parachute_udd": [
      143000,
      1114.5578231292461
    ],
    "paraglider_udd": [
      146000,
      1346.7573696145223
    ],
    "patthar_udd": [
      149000,
      1021.678004535147
    ],
    "ped_udd": [
      152000,
      928.7981859410479
    ],
    "pencil_udd": [
      154000,
      1068.1179138321966
    ],
    "penguin_udd": [
      157000,
      975.2380952380975
    ],
    "pillar_udd": [
      159000,
      928.7981859410479
    ],
    "pineapple_udd": [
      161000,
      1160.9977324262957
    ],
    "pizza_udd": [
      164000,
      1114.5578231292461
    ],
    "polar_bear_udd": [
      167000,
      1300.3174603174728
    ],
    "purse_udd": [
      170000,
      1021.678004535147
    ],
    "racket_udd": [
      173000,
      928.7981859410479
    ],
    "rajma_udd": [
      175000,
      1068.1179138321966
    ],
    "robin_udd": [
      178000,
      975.2380952380975
    ],
    "rocket_udd": [
      180000,
      1021.678004535147
    ],
    "seal_udd": [
      183000,
      1021.678004535147
    ],
    "seb_udd": [
      186000,
      789.4784580498992
    ],
    "sharpener_udd": [
      188000,
      1207.4376417233452
    ],
    "ship_udd": [
      191000,
      882.3582766439984
    ],
    "shuttlecock_udd": [
      193000,
      1207.4376417233452
    ],
    "smart_watch_udd": [
      196000,
      1253.8775510203948
    ],
    "swift_udd": [
      199000,
      1160.9977324262957
    ],
    "taash_udd": [
      202000,
      882.3582766439984
    ],
    "tablet_udd": [
      204000,
      1021.678004535147
    ],
    "tamatar_udd": [
      207000,
      1253.8775510203948
    ],
    "titli_udd": [
      210000,
      1068.1179138321966
    ],
    "tractor_udd": [
      213000,
      975.2380952380975
    ],
    "ufo_udd": [
      215000,
      882.3582766439984
    ],
    "unta_udd": [
      217000,
      1021.678004535147
    ]
  }
}