{
  "urls": [
    "../../public/sounds/sprite_pack3.mp3"
  ],
  "sprite": {
    "aadhar_udd": [
      0,
      1021.6780045351475
    ],
    "aam_udd": [
      3000,
      696.5986394557824
    ],
    "achar_udd": [
      5000,
      1068.1179138321993
    ],
    "akhbaar_udd": [
      8000,
      975.2380952380956
    ],
    "almirah_udd": [
      10000,
      1207.437641723356
    ],
    "aloo_udd": [
      13000,
      882.3582766439913
    ],
    "billi_udd": [
      15000,
      1068.1179138322002
    ],
    "blackboard_udd": [
      18000,
      1160.9977324263027
    ],
    "bomb_udd": [
      21000,
      928.7981859410444
    ],
    "bulldozer_udd": [
      23000,
      1114.5578231292532
    ],
    "burger_udd": [
      26000,
      928.7981859410444
    ],
    "cactus_udd": [
      28000,
      1160.9977324263027
    ],
    "chalk_udd": [
      31000,
      1021.678004535147
    ],
    "chamgadar_udd": [
      34000,
      1253.877551020409
    ],
    "chawal_udd": [
      37000,
      1021.678004535147
    ],
    "chess_udd": [
      40000,
      1021.678004535147
    ],
    "chidiya_udd": [
      43000,
      1068.1179138321966
    ],
    "chinti_udd": [
      46000,
      1068.1179138321966
    ],
    "chudi_udd": [
      49000,
      1021.678004535147
    ],
    "dabba_udd": [
      52000,
      1068.1179138321966
    ],
    "dolphin_udd": [
      55000,
      1160.9977324263027
    ],
    "drone_udd": [
      58000,
      835.9183673469417
    ],
    "duster_udd": [
      60000,
      1068.1179138321966
    ],
    "emu_udd": [
      63000,
      835.9183673469417
    ],
    "fighter_jet_udd": [
      65000,
      1160.99773242631
    ],
    "flag_udd": [
      68000,
      1068.1179138321966
    ],
    "flameback_udd": [
      71000,
      1114.5578231292461
    ],
    "football_udd": [
      74000,
      1021.678004535147
    ],
    "gaadi_udd": [
      77000,
      1068.1179138321966
    ],
    "garuda_udd": [
      80000,
      1114.5578231292461
    ],
    "gas_stove_udd": [
      83000,
      1207.4376417233593
    ],
    "ghoda_udd": [
      86000,
      975.2380952380975
    ],
    "ghutna_udd": [
      88000,
      1021.678004535147
    ],
    "gilaas_udd": [
      91000,
      975.2380952380975
    ],
    "hamster_udd": [
      93000,
      1068.1179138321966
    ],
    "hedgehog_udd": [
      96000,
      1021.678004535147
    ],
    "hornbill_udd": [
      99000,
      1068.1179138321966
    ],
    "hot_air_balloon_udd": [
      102000,
      1160.99773242631
    ],
    "ice_cream_udd": [
      105000,
      1114.5578231292461
    ],
    "idli_udd": [
      108000,
      1021.678004535147
    ],
    "indradhanush_udd": [
      111000,
      1253.877551020409
    ],
    "jhaadu_udd": [
      114000,
      1068.1179138321966
    ],
    "jharna_udd": [
      117000,
      1160.99773242631
    ],
    "jiraaf_udd": [
      120000,
      1160.99773242631
    ],
    "kauwa_udd": [
      123000,
      1114.5578231292461
    ],
    "kharbuja_udd": [
      126000,
      1253.877551020409
    ],
    "kingfisher_udd": [
      129000,
      1207.4376417233452
    ],
    "kulfi_udd": [
      132000,
      1114.5578231292461
    ],
    "kursi_udd": [
      135000,
      1021.678004535147
    ],
    "llama_udd": [
      138000,
      1160.9977324262957
    ],
    "lock_udd": [
      141000,
      882.3582766439984
    ],
    "lomdi_udd": [
      143000,
      975.2380952380975
    ],
    "maggi_udd": [
      145000,
      1068.1179138321966
    ],
    "magpie_udd": [
      148000,
      1114.5578231292461
    ],
    "mattress_udd": [
      151000,
      1207.4376417233452
    ],
    "microwave_udd": [
      154000,
      1114.5578231292461
    ],
    "mobile_udd": [
      157000,
      1021.678004535147
    ],
    "naak_udd": [
      160000,
      882.3582766439984
    ],
    "naav_udd": [
      162000,
      882.3582766439984
    ],
    "nail_cutter_udd": [
      164000,
      1393.1972789115719
    ],
    "otter_udd": [
      167000,
      1021.678004535147
    ],
    "paneer_udd": [
      170000,
      1114.5578231292461
    ],
    "pani_puri_udd": [
      173000,
      1160.9977324262957
    ],
    "panther_udd": [
      176000,
      1021.678004535147
    ],
    "papad_udd": [
      179000,
      975.2380952380975
    ],
    "paratha_udd": [
      181000,
      1253.8775510203948
    ],
    "patta_udd": [
      184000,
      975.2380952380975
    ],
    "perfume_udd": [
      186000,
      1114.5578231292461
    ],
    "pet_udd": [
      189000,
      882.3582766439984
    ],
    "phoenix_udd": [
      191000,
      1068.1179138321966
    ],
    "photo_frame_udd": [
      194000,
      1253.8775510203948
    ],
    "pochha_udd": [
      197000,
      928.7981859410479
    ],
    "printer_udd": [
      199000,
      1021.678004535147
    ],
    "ra_one_udd": [
      202000,
      975.2380952380975
    ],
    "salwar_udd": [
      204000,
      1068.1179138321966
    ],
    "samosa_udd": [
      207000,
      1300.3174603174728
    ],
    "satellite_udd": [
      210000,
      1160.9977324262957
    ],
    "shark_udd": [
      213000,
      1068.1179138321966
    ],
    "sikka_udd": [
      216000,
      928.7981859410479
    ],
    "siyaar_udd": [
      218000,
      1021.678004535147
    ],
    "skunk_udd": [
      221000,
      1021.678004535147
    ],
    "speaker_udd": [
      224000,
      1114.5578231292461
    ],
    "steamroller_udd": [
      227000,
      1160.9977324262957
    ],
    "strawberry_udd": [
      230000,
      1160.9977324262957
    ],
    "suit_udd": [
      233000,
      882.3582766439984
    ],
    "sunflower_udd": [
      235000,
      1253.8775510203948
    ],
    "table_udd": [
      238000,
      1114.5578231292461
    ],
    "takiya_udd": [
      241000,
      1068.1179138321966
    ],
    "tape_udd": [
      244000,
      928.7981859410479
    ],
    "taxi_udd": [
      246000,
      1068.1179138321966
    ],
    "teetar_udd": [
      249000,
      1068.1179138321966
    ],
    "termite_udd": [
      252000,
      1068.1179138321966
    ],
    "tiddi_udd": [
      255000,
      1068.117913832225
    ],
    "tinkerbell_udd": [
      258000,
      1114.5578231292461
    ],
    "toothbrush_udd": [
      261000,
      1114.5578231292461
    ],
    "toy_car_udd": [
      264000,
      1114.5578231292461
    ],
    "ungali_udd": [
      267000,
      1114.5578231292461
    ],
    "wallet_udd": [
      270000,
      1021.678004535147
    ],
    "weasel_udd": [
      273000,
      1114.5578231292461
    ],
    "whiteboard_udd": [
      276000,
      1068.117913832225
    ],
    "zanjeer_udd": [
      279000,
      1021.678004535147
    ]
  }
}