{
  "urls": [
    "..\\..\\public\\sounds\\sprite_pack6.mp3"
  ],
  "sprite": {
    "airport_udd": [
      0,
      1114.5578231292516
    ],
    "bakri_udd": [
      3000,
      1207.437641723356
    ],
    "balti_udd": [
      6000,
      1068.1179138321993
    ],
    "bandar_udd": [
      9000,
      1068.1179138322002
    ],
    "barf_udd": [
      12000,
      928.7981859410426
    ],
    "batakh_udd": [
      14000,
      1114.5578231292513
    ],
    "beetle_udd": [
      17000,
      1068.1179138322002
    ],
    "biryani_udd": [
      20000,
      1114.5578231292532
    ],
    "chidiya_udd": [
      23000,
      1160.9977324263027
    ],
    "cockatoo_udd": [
      26000,
      1068.1179138322002
    ],
    "crane_bird_udd": [
      29000,
      1207.437641723356
    ],
    "dragon_udd": [
      32000,
      1114.5578231292532
    ],
    "earphones_udd": [
      35000,
      1207.4376417233593
    ],
    "gaay_udd": [
      38000,
      1068.1179138321966
    ],
    "ghar_udd": [
      41000,
      1068.1179138321966
    ],
    "glider_udd": [
      44000,
      1114.5578231292532
    ],
    "jellyfish_udd": [
      47000,
      1160.9977324263027
    ],
    "jheel_udd": [
      50000,
      1021.678004535147
    ],
    "kabootar_udd": [
      53000,
      1114.5578231292532
    ],
    "kachhua_udd": [
      56000,
      1068.1179138321966
    ],
    "kadai_udd": [
      59000,
      1021.678004535147
    ],
    "kadhi_udd": [
      62000,
      1253.877551020409
    ],
    "kitaab_udd": [
      65000,
      1207.4376417233593
    ],
    "kutta_udd": [
      68000,
      975.2380952380975
    ],
    "marker_udd": [
      70000,
      1160.99773242631
    ],
    "masjid_udd": [
      73000,
      975.2380952380975
    ],
    "mitti_udd": [
      75000,
      882.3582766439841
    ],
    "monitor_liz_udd": [
      77000,
      1346.7573696145082
    ],
    "mor_udd": [
      80000,
      928.7981859410479
    ],
    "namkeen_udd": [
      82000,
      1114.5578231292461
    ],
    "necklace_udd": [
      85000,
      1068.1179138321966
    ],
    "net_udd": [
      88000,
      928.7981859410479
    ],
    "noodles_udd": [
      90000,
      928.7981859410479
    ],
    "paani_udd": [
      92000,
      975.2380952380975
    ],
    "papaya_udd": [
      94000,
      1114.5578231292461
    ],
    "pen_drive_udd": [
      97000,
      1207.4376417233593
    ],
    "puzzle_udd": [
      100000,
      1068.1179138321966
    ],
    "rassi_udd": [
      103000,
      1021.678004535147
    ],
    "saree_udd": [
      106000,
      1114.5578231292461
    ],
    "seagull_udd": [
      109000,
      1068.1179138321966
    ],
    "shirt_udd": [
      112000,
      975.2380952380975
    ],
    "spacecraft_udd": [
      114000,
      1346.7573696145082
    ],
    "tarbooz_udd": [
      117000,
      1114.5578231292461
    ],
    "thor_udd": [
      120000,
      975.2380952380975
    ],
    "tidda_udd": [
      122000,
      975.2380952380975
    ],
    "towel_udd": [
      124000,
      1021.678004535147
    ],
    "tv_udd": [
      127000,
      882.3582766439841
    ],
    "washing_machine_udd": [
      129000,
      1393.1972789115719
    ],
    "water_filter_udd": [
      132000,
      1346.7573696145223
    ]
  }
}